Id,Title,viewCount,channelId,channelTitle,commentCount,likeCount,dislikeCount,tags
1,Imagine Dragons - Whatever It Takes,270527441,1,ImagineDragonsVEVO,62661,2216893,52929,"['Imagine Dragons', 'ImagineDragons', 'Whatever It Takes', 'Imagine Dragons Evolve', 'Dragons Evolve', 'Believer', 'Thunder', 'Dragons Believer', 'Dragons Thunder', 'Night Visions', 'Smoke + Mirrors', 'On Top Of The World', 'Radioactive', 'Demons', 'I Bet My Life', 'Dan Reynolds', 'Matt Eastin', 'Imagine', 'Dragons', 'Whatever', 'It', 'Takes', 'KIDinaKORNER/Interscope', 'Records', 'Alternative']"
2,Imagine Dragons - Next To Me (Audio),49039668,1,ImagineDragonsVEVO,25752,616853,14695,"['Imagine', 'Dragons', 'Next', 'To', 'Me', 'KIDinaKORNER/Interscope', 'Records', 'Alternative']"
3,Imagine Dragons - Thunder,666077279,1,ImagineDragonsVEVO,213703,4240502,210913,"['Imagine', 'Dragons', 'Thunder', 'KIDinaKORNER/Interscope', 'Records', 'Alternative', 'Imagine Dragons', 'Believer', 'Radioactive', 'Demons', 'On Top Of The World', 'I Bet My Life', 'Night Visions', 'Smoke + Mirrors', 'Dan Reynolds', 'Dubai', 'Joseph Kahn', 'It’s Time']"
4,Imagine Dragons - Believer,522262720,1,ImagineDragonsVEVO,187429,4614890,124434,"['Imagine', 'Dragons', 'Believer', 'KIDinaKORNER/Interscope', 'Records', 'Alternative', 'Imagine Dragons', 'Dan Reynolds', 'Believer. Nintendo', 'Nintendo Switch', 'Radioactive', 'Night Visions', 'Demons', 'It’s Time', 'Bet My Life', 'Dolph Lundgren', 'Smoke + mirrors', 'Sucker For Pain', 'On Top of The World']"
5,Imagine Dragons - Next To Me,9638457,1,ImagineDragonsVEVO,23988,382344,10296,"['Imagine', 'Dragons', 'Next', 'To', 'Me', 'Kid', 'Ina', 'Korner', 'Interscope', 'Alternative']"
6,Imagine Dragons - Radioactive,868107545,1,ImagineDragonsVEVO,278059,4959597,157968,"['Imagine', 'Dragons', 'Radioactive', 'Interscope', 'Alternative']"
7,Imagine Dragons - Demons (Official),620366299,1,ImagineDragonsVEVO,141172,3632625,85757,"['Imagine Dragons', 'Demons', 'Interscope', 'Alternative', 'Night Visions', 'Tyler Robinson', 'Radioactive']"
8,Imagine Dragons - Walking The Wire (Audio),42535982,1,ImagineDragonsVEVO,17703,493126,7980,"['Imagine', 'Dragons', 'Walking', 'The', 'Wire', 'Copy', 'KIDinaKORNER/Interscope', 'Records', 'Alternative']"
9,Imagine Dragons - Thunder (Audio),47057877,1,ImagineDragonsVEVO,27878,582723,15337,"['Imagine', 'Dragons', 'Thunder', 'KIDinaKORNER/Interscope', 'Records', 'Alternative']"
10,Imagine Dragons - I Bet My Life,118370719,1,ImagineDragonsVEVO,22384,820938,15911,"['Imagine Dragons', 'I Bet My Life', 'Imagine', 'Dragons', 'Bet', 'My', 'Live', 'Alternative', 'Interscope']"
11,Imagine Dragons ? Rise Up,3060231,2,Taz Network,682,15615,700,"['taz network', 'edm', 'electronic dance music', 'pop', 'pop music', 'electronic', 'electro', 'imagine dragons', 'rise up', 'imagine dragons rise up', 'imagine dragons - rise up', 'rise up lyrics', 'rise up lyrics imagine dragons', 'imagine dragons music', 'imagine dragons evolve', 'rise up imagine dragons', 'rise up imagine dragons lyrics', 'rock', 'alternative rock', 'taznetwork', 'taz']"
12,Imagine Dragons - Lollapalooza Brasil 2018,288569,3,IMAGINE DRAGONS VIDEOS,1106,16555,208,"['imagine dragons', 'imagine dragons live', 'imagine dragons lollapalooza', 'imagine dragons lollapalooza 2018', 'imagine dragons lollapalooza brasil', 'imagine dragons lollapalooza brasil 2018', 'lollapalooza brasil 2018', 'imagine dragons live at lollapalooza brasil 2018', 'lollapalooza 2018', 'imagine dragons brasil', 'imagine dragons live lollapalooza', 'imagine dragons full show', 'imagine dragons lollapalooza brasil 2018 full show']"
13,Imagine Dragons - On Top Of The World (Official Music Video),204560556,1,ImagineDragonsVEVO,37709,957686,24168,"['Imagine', 'Dragons', 'On', 'Top', 'Of', 'The', 'World', 'KIDinaKORNER', 'Interscope', 'Alternative']"
14,Imagine Dragons - It's Time,348138828,1,ImagineDragonsVEVO,63933,1702786,39649,"['Imagine', 'Dragons', ""It's"", 'Time', 'Interscope', 'Pop', 'Rock', 'VMAs', 'Video', 'Music', 'Awards', 'MTV', 'VMA']"
15,Demons - Imagine Dragons,182718724,4,Lightning_Rider,48853,642307,19174,"['demons', 'imagine dragon']"
16,? Imagine Dragons - Believer (with lyrics),49513122,5,DIARTOB,24384,302105,14186,"['Imagine Dragons', 'Believer', 'with lyrics', 'lyric video', 'con letra', 'DIARTOB']"
17,Imagine Dragons - Believer (Audio),90777081,1,ImagineDragonsVEVO,43048,1004825,25111,"['Imagine', 'Dragons', 'Believer', 'KIDinaKORNER/Interscope', 'Records', 'Alternative']"
18,Imagine Dragons Live 2017 EVOLVE TOUR Full Concert - Canada,943345,6,Imagine Dragons AU,822,14890,322,"['Imagine Dragons', 'Imagine Dragons Live', 'Imagine', 'Dragons', 'Live', 'Music', 'Audio', 'Live Music', 'Night Visions', 'Smoke + Mirrors', 'Evolve', 'Evolve Live', 'Evolve Full Concert', 'Imagine Dragons Evolve Live', 'Imagine Dragons Evolve', 'Imagine Dragons 2017', 'Imagine Dragons 2017 Full Concert', 'Imagine Dragons Evolve 2017 Full Concert']"
19,"Ready, Aim, Fire - Imagine Dragons Lyrics",20966394,7,Natalia,6432,92929,4485,"['Lyrics', 'Full', 'Fire', 'Song', 'Album', 'New', 'New (song)', 'Song (album)', 'Screen', 'Full Song', 'Wlyrics', 'Lyrics Screen', 'Song Lyrics', 'Ready', 'ready aim fire', 'imagine dragons', 'imagine', 'dragons', 'ready', 'aim', 'fire', 'iron man', 'iron man 3', 'marvel', 'superhero', 'film', 'movie', 'new', 'comic', 'tony stark', 'hero', 'RDJ', 'robery', 'downey', 'jr', 'robert downey jr', 'video', 'Iron', 'man', 'song', 'movie song', 'full song', 'fall', 'falling', 'good', '2013']"
20,Imagine Dragons - Thunder (Lyrics / Lyric Video),41434295,8,Royal Music,18450,234617,12657,"['imagine dragons', 'thunder', 'imagine dragons thunder', 'imagine dragons - thunder', 'thunder imagine dragons', 'imagine dragons thunder lyrics', 'thunder lyrics', 'thunder - imagine dragons', 'feel the funder', 'imagine dragons - thunder lyrics', 'thunder imagine dragons lyrics', 'Imagine', 'Dragons', 'Thunder', 'KIDinaKORNER\\/Interscope', 'Records', 'Alternative', 'Believer', 'Radioactive', 'Demons', 'On Top Of The World', 'I Bet My Life', 'Night Visions', 'Smoke + Mirrors', 'Dan Reynolds', 'Dubai', 'Joseph Kahn', 'It’s Time']"
21,Imagine Dragons - Whatever It Takes (Lyrics / Lyric Video),15124942,2,Taz Network,4979,97686,3435,"['imagine dragons whatever it takes', 'whatever it takes', 'whatever it takes lyrics', 'imagine dragons whatever it takes lyrics', 'whatever it takes lyrics imagine dragons', 'whatever it takes lyric video', 'imagine dragons', 'rock', 'pop', 'edm', 'dance music', 'electronic', 'taz', 'taz network', 'taznetwork']"
22,Imagine Dragons - Whatever It Takes (Audio),42261301,1,ImagineDragonsVEVO,22788,554087,9489,"['Imagine', 'Dragons', 'Whatever', 'It', 'Takes', 'KIDinaKORNER/Interscope', 'Records', 'Alternative']"
23,Imagine Dragons: Warriors | Worlds 2014 - League of Legends,130619889,9,League of Legends,78362,1239458,25180,"['Riot Games', 'Riot', 'League of Legends', 'League', 'LoL', 'Imagine Dragons', 'Worlds 2014', 'Warriors LoL', 'League of Legends music', 'League of Legends song']"
24,Imagine Dragons - Gold,52188368,1,ImagineDragonsVEVO,14160,386193,7769,"['Imagine', 'Dragons', 'Gold', 'Interscope', 'Records', 'Alternative']"
25,Imagine Dragons – Whatever It Takes (Lyrics) ?,3298480,10,Pixl Networks,656,14859,567,"['pixl networks', 'pop', 'pop music', 'imagine dragons', 'whatever it takes', 'lyrics']"
26,"Imagine Dragons, Khalid - Thunder / Young Dumb & Broke (Medley/Audio)",10991440,1,ImagineDragonsVEVO,7352,186347,5774,"['Imagine', 'Dragons', 'Khalid', 'Thunder', 'Young', 'Dumb', 'Broke', 'KIDinaKORNER/Interscope', 'Records', 'Alternative']"
27,Imagine Dragons – I Don't Know Why [Exclusive],6878699,11,Proximity,1698,61315,1872,"['Proximity', 'Imagine Dragons', ""I Don't Know Why"", ""Imagine Dragons – I Don't Know Why"", 'Evolve', 'Album', 'New Imagine Dragons', '2017', 'Imagine Dragons 2017', 'Believer', ""I Don't Know Why Evolve"", 'Imagine Dragons Evolve', 'Imagine Dragons Album', 'Lyric', 'Lyrics']"
28,Imagine Dragons - Monster (Lyrics),52037361,12,Josh Manuel,22782,258527,6676,"['imagine', 'dragons', '2013', 'new', 'song', 'monster', 'id', 'alternative', 'Lyrics', 'on screen', 'ID', 'Full', 'Album', 'august', 'wlyrics', 'w/lyrics', 'offical', 'music', 'band', 'Lyrics Screen', 'Full Song', 'Official', 'Beatles', 'Song Lyrics', 'Translation', 'You Lyrics', 'radioactive', 'its time', ""it's time"", 'HD', 'session', 'infinity blade', 'infinity', 'blade']"
29,Imagine Dragons - Southside Festival 2017,1021197,13,IMAGINE DRAGONS LIVE,649,11546,207,"['Imagine Dragons Southside Festival 2017', 'imagine dragons', 'imagine dragons live', 'imagine dragons 2017', 'imagine dragons 2017 live', 'Southside Festival', 'Southside Festival 2017', 'Southside Festival full', 'Imagine Dragons Southside Festival 2017 full show', 'imagine dragons 2017 full concert', 'Imagine Dragons Southside Festival', 'Southside', 'Festival', 'imagine dragons full show', 'imagine dragons 2017 full show', 'imagine dragons live full show', 'imagine dragons live 2017 full show']"
30,Ready Aim Fire - Imagine Dragons,2504708,4,Lightning_Rider,1019,16211,502,"['Ready Aim Fire', 'Imagine Dragons (Musical Artist)']"
31,Radioactive-Imagine Dragons (Lyrics),93654172,14,BeaattZ z,29189,324491,15105,"['radioactive', 'imagine', 'dragons', 'xiv', 'gaming', 'clan', 'dlba9920']"
32,Imagine Dragons - Roots,36748948,1,ImagineDragonsVEVO,9249,322728,5714,"['Imagine', 'Dragons', 'Roots', 'Kid', 'Ina', 'Korner', 'Interscope', 'Alternative']"
33,Imagine Dragons – Thunder (Lyrics) ?,18147191,10,Pixl Networks,6517,106338,3589,"['pixl networks', 'electronic', 'electronica', 'dance', 'music', 'electronic music', 'dance music', 'electronic dance music', 'edm', 'pop', 'pop music', 'imagine dragons', 'thunder', 'imagine dragons thunder', 'thunder imagine dragons', 'imagine dragons thunder lyrics', 'thunder lyrics', 'thunder lyrics imagine dragons', 'thunder imagine dragons lyrics', 'imagine', 'dragons', 'interscope records', 'rock', 'alternative', 'alternative rock']"
34,Imagine Dragons - Roots (Audio),19864038,1,ImagineDragonsVEVO,8738,218345,3275,"['Imagine', 'Dragons', 'Roots', '(Audio)', 'Kid', 'Ina', 'Korner', 'Interscope', 'Alternative']"
35,"Sucker for Pain - Lil Wayne, Wiz Khalifa & Imagine Dragons w/ Logic & Ty Dolla $ign ft X Ambassadors",520103631,15,Atlantic Records,123267,3572559,139034,"['music', 'official', 'music video', 'Suicide Squad', 'Sucker for pain', 'Lil Wayne', 'Wiz Khalifa', 'Imagine Dragons', 'Logic', 'X Ambassadors', 'Ty Dolla $ign', 'Atlantic Records', 'Warner Brothers', 'Soundtrack', 'Movie', 'Hip Hop', 'Rap', 'Pop', 'Suicide Squad The Album']"
36,Imagine Dragons - Rise Up,7767313,11,Proximity,1950,64272,1475,"['Proximity', 'Imagine Dragons', 'Rise Up', 'Imagine Dragons Rise Up', 'Official', 'Audio', 'Evolve', 'Imagine Dragons Evolve', 'Album', 'Rock', 'Alternative']"
37,"Amelia Hammer Harris Sings ""Believer"" by Imagine Dragons - Top 24 Solos - American Idol 2018 on ABC",5560,16,American Idol,119,423,136,"['ABC', 'americanidol', 'idol', 'american idol', 'ryan', 'seacrest', 'ryan seacrest', 'katy', 'perry', 'katy perry', 'luke', 'bryan', 'luke bryan', 'lionel', 'richie', 'lionel richie', 'season 16', 'american idol XVI', 'television', 'ad', 'spring', '2018', 'music', 'reality', 'competition', 'song', 'sing', 'audition', 'auditions', 'performance', 'live', 'fox', 'AI', 'hollywood', 'contestant', 'official', 'american', 'official american idol', 'hollywood week', 'hometown audition']"
38,The Last Guest ROBLOX MUSIC VIDEO - Believer (Imagine Dragons),717888,17,ObliviousHD,15362,40960,1136,[]
39,"Imagine Dragons - Radioactive (Lyrics On Screen,HD)",19320105,18,Christiana,8271,105032,3948,"['Lyrics', 'Song', 'Screen', 'New', 'Full Song', 'imagine', 'dragons', 'Imagine Dragons', 'Radioactive', 'radioactive', 'lyrics', 'lyrics on screen', 'bluetrickle', 'blue jeans']"
40,Imagine Dragons - Shots,55217701,1,ImagineDragonsVEVO,10228,378604,7851,"['Imagine', 'Dragons', 'Shots', 'KIDinaKORNER/Interscope', 'Records', 'Alternative']"
41,Imagine Dragons - Warriors (Lyrics),14354113,19,Lisa LaBarbera,8012,97384,2430,"['imagine dragons warriors lyrics', 'warriors lyrics', 'league of legends', 'imagine dragons new song', 'imagine dragons']"
42,Imagine Dragons - Next To Me (Lyrics),2373996,20,SyrebralVibes,360,14613,653,"['syrebralvibes', 'syrebral vibes', 'electronic', 'dance', 'music', 'EDM', 'future bass', 'indie', 'pop', 'mix', 'best', 'trap', 'melodic', 'vocals', 'house', 'songs', 'musica', 'lyrics', 'lyric videos', 'spotify', 'new', 'imagine dragons', 'next to me', 'imagine dragons next to me', 'imagine dragons lyrics', 'next to me lyrics', 'thunder', 'believer', 'radioactive']"
43,Imagine Dragons Yesterday (Audio),329450,21,Like Music kk,106,2817,63,[]
44,Imagine Dragons - Not Today from ME BEFORE YOU,42206797,22,Jhonaz,2076,185357,2977,"['Jonathan', 'Salas', 'YYO', 'Yoliser', 'Orlimary', 'Youtubers', 'venezuela', 'Imagine Dragons', 'Not Today', 'Me Before You', 'soundtrack', 'Warner Bros', 'Warner Bros UK', 'trailers', 'official', 'movie', 'Jojo Moyes', 'Emilia Clarke', 'Sam Claflin', 'Jenna Coleman', 'Matthew Lewis', 'Charles Dance', 'Brendan Coyle', 'Janet McTeer', 'Novel', 'Adaptation', 'New Release', 'Drama', 'Game Of Thrones', 'Fantastic Beasts', 'Warner Brothers', 'Warner Bros Studios', 'yo antes de ti', 'not today cover', 'not today lyric']"
45,Friction By Imagine Dragons (Mission Impossible Fallout Trailer Music),2366167,23,The Local Guy,585,20871,593,"['Tom Cruise', 'Henry Cavill', 'MI6', 'Mission Impossible 6', 'Mission Impossible Fallout', 'Debut Trailer', 'Friction', 'Imagine Dragons', 'Trailer Music', 'Trailer Song', 'Trailer Soundtrack']"
46,Imagine Dragons - Monster (Updated Lyrics),2540259,12,Josh Manuel,2426,21717,384,"['Monster', 'ID', 'imagine', 'dragons', '2013', 'new', 'song', 'monster', 'alternative', 'lyrics on screen', 'full', 'album', 'august', 'wlyrics', 'w/lyrics', 'official', 'music', 'band', 'lyrics screen', 'full song', 'beatles', 'song lyrics', 'translation', 'you lyrics', 'radioactive', 'its time', 'HD', 'session', 'infinity blade', 'infinity', 'blade', 'correct lyrics', 'version']"
47,Imagine Dragons - Polaroid (Lyrics),2795111,24,Imagine Dragons Music And Lyrics,613,12495,383,"['polaroid', 'lyrics', 'Imagine Dragons (Musical Artist)', 'lyric', 'video', 'words']"
48,Who We Are - Imagine Dragons (Lyrics),32115835,25,Song Lyrics,6656,144733,3257,"['Imagine Dragons (Musical Group)', 'Lyrics', 'The Hunger Games (Film)', 'The Hunger Games: Catching Fire (Film)', 'The Hunger Games Trilogy (Literary Series)', 'soundtrack', 'who we are', 'of monsters and men', 'Of Monsters And Men (Musical Group)', 'Song', 'Full', 'Soundtrack (Musical Album Type)', 'Full Song']"
49,Imagine Dragons - Amsterdam,9698869,26,ImagineDragonsSongs,3287,40955,665,"['Imagine', 'Dragons', 'Night', 'Visions', 'entire', 'whole', 'complete', 'album', 'songs', 'all', 'radioactive', 'tiptoe', 'its', 'time', 'demons', 'on', 'top', 'of', 'the', 'wor']"
50,Imagine Dragons - Bleeding Out {Lyrics},28564220,27,SeeLyrics,13592,142958,3148,"['Imagine Dragons', 'Imagine', 'Dragons', 'Bleeding Out', 'Bleeding', 'Out', 'Night Visions', 'Night', 'Visions', 'Lyrics', 'Lyrics On Screen', 'Music', 'SeeLyrics']"
51,Cardi B - Bodak Yellow [OFFICIAL MUSIC VIDEO],528613832,28,Cardi B,298211,3904809,428075,"['Cardi B', 'Bodak Yellow', 'Official Music Video', 'Bodak Yellow Music Video', 'New Cardi B', 'Cardi B Music Video', 'Cardi Video', 'Cardi B Bodak Yellow', 'Money Moves', 'Cardi B Money Moves', 'Bodak Yellow Cardi B', 'Cardi B Pregnant', 'Cardi B Offset', 'Cardi B Album', 'Cardi B Leak', 'Cardi B - Invasion of Privacy', 'Cardi B Billboard', 'Cardi B Sex Tape', 'Cardi B Music', 'Cardi B - Bodak Yellow', 'Cardi B Amazon']"
52,Cardi B - I Do feat. SZA [Official Audio],8441424,28,Cardi B,7457,179195,3577,"['Cardi B', 'SZA', 'I Do', 'Invasion of Privacy', 'Hip Hop', 'Rap', 'Atlantic Records', 'Bronx', 'New York', 'Audio', 'Official', 'Official Audio', 'Bodak Yellow', 'Bartier Cardi', 'Love & Hip Hop', 'LsoLEjrDogU', 'hXnMSaK6C2w', 'PEGccV-NOm8', 'Cardi B Music', 'Cardi B Leaks', 'Cardi B Album', 'Cardi B Pregnant', 'Cardi B - Invasion of Privacy', 'Cardi B Sza']"
53,Ozuna - La Modelo Ft Cardi B ( Video Oficial ),185557278,29,Ozuna,56115,1469877,92138,"['Ozuna', 'Reggaeton', 'Odisea', 'Odisea The Album', 'La Modelo', 'Cardi B', 'Video Oficial', 'Music Video', 'Latin Music']"
54,Cardi B - Be Careful [Official Audio],17052762,28,Cardi B,35080,400342,21749,"['Cardi B', 'Be Careful', 'Bodak Yellow', 'Invasion of Privacy', 'Love and Hip Hop', 'New Cardi B', 'No Limit', 'No Limit Cardi B', 'Cardi B Bodak Yellow', 'Bartier Cardi', 'Offset Cheating', 'Offset Cardi B', 'Cardi b - Be Careful [official audio]', 'Cardi B - Invasion of Privacy', 'Cardi B Album', 'Cardi B Bartier Cardi', 'Hennesy Carolina', 'Motorsport Cardi B', 'Finesse Remix Cardi B', 'Cardi B Music', 'Cardi B LEak', 'Cardi B Audio']"
55,Cardi B: Be Careful (Live) - SNL,6483398,30,Saturday Night Live,10349,136970,4535,"['SNL', 'Saturday Night Live', 'SNL Season 43', 'Episode 1742', 'Chadwick Boseman', 'Cardi B', 's43', 's43e17', 'episode 17', 'live', 'new york', 'comedy', 'sketch', 'funny', 'hilarious', 'late night', 'host', 'music', 'guest', 'laugh', 'impersonation', 'actor', 'improv', 'musician', 'Black Panther', 'Avengers', 'Avengers: Infinity War', 'Jackie Robinson', '42', 'James Brown', 'Get on Up', 'Love & Hip Hop', 'Bodak Yellow', 'Bartier Cardi', 'Be Careful', 'pregnant']"
56,Jimmy Interviews Cardi B,17414723,31,The Tonight Show Starring Jimmy Fallon,30930,306271,15306,"['The Tonight Show', 'Jimmy Fallon', 'Jimmy', 'Interviews', 'Cardi B', 'bodak yellow', 'grammys', 'migos', 'offset', 'NBC', 'NBC TV', 'Television', 'Funny', 'Talk Show', 'comedic', 'humor', 'snl', 'Fallon Stand-up', 'Fallon monologue', 'tonight', 'show', 'jokes', 'funny video', 'interview', 'variety', 'comedy sketches', 'talent', 'celebrities', 'video', 'clip', 'highlight', 'Love & Hip Hop', 'Bodak Yellow', 'hip hop', 'rapper', 'Underestimated']"
57,Cardi B - Drip feat. Migos [Official Audio],12209497,28,Cardi B,20297,257511,12185,"['Cardi B', 'Drip', 'Migos', 'Motorsport', 'Offset', 'Quavo', 'Takeoff', 'Invasion of Privacy', 'Bardi', 'Bardi Gang', 'Bodak Yellow', 'Bartier Cardi', 'Be Careful', 'Offset Cheating', 'l3uG4T8pJfw', 'sXP6vliZIHI', 'Cardi Music', 'New Cardi B', 'Cardi B Leak', 'Cardi B Drip', 'Cardi B Album', 'Cardi B Offset', 'Cardi B Bartier Carti', 'Cardi B Invasion of Privacy', 'Cardi B - DRIP (feat. Migos)', 'Cardi B Single']"
58,"G-Eazy - No Limit REMIX ft. A$AP Rocky, Cardi B, French Montana, Juicy J, Belly",122196842,32,GEazyMusicVEVO,61887,1260873,81435,"['BPG/RVG/RCA Records', 'G-Eazy feat. A$AP Rocky', 'Cardi B', 'French Montana', 'Juicy J & Belly', 'No Limit REMIX', 'Rap']"
59,Cardi B - Bartier Cardi (feat. 21 Savage) [Official Video],9787843,28,Cardi B,23855,313360,14539,"['Cardi B', 'Bartier Cardi', 'Music Video', 'Official Video', 'Offset', '21 Savage', 'Bodak Yellow', 'Invasion of Privacy', 'Rap', 'Hip Hop', 'New Cardi B', 'Cardi B Music', 'Petra Collins', 'Cardi B Album', 'J6-8DQALGt4', 'l3uG4T8pJfw', 'sXP6vliZIHI', 'PEGccV-NOm8', 'LsoLEjrDogU', '9v_rtaye2yY', 'X8sSXU-J8fI', 'l_lblj8Cq0o', 'Bruno Mars', 'Finesse Remix', 'Cardi B - Bartier Cardi', 'Cartier Bardi', 'Cardi B Party', 'Cardi B Live', 'Cardi B Illuminati']"
60,"Cardi B, Bad Bunny & J Balvin - I Like It [Official Audio]",12832251,28,Cardi B,14480,303879,9673,"['Cardi B', 'Bad Bunny', 'J Balvin', 'I Like It', 'Invasion of Privacy', 'Hip Hop', 'Rap', 'Atlantic Records', 'Bronx', 'New York', 'Audio', 'Official', 'Official Audio', 'Bodak Yellow', 'Bartier Cardi', 'Love & Hip Hop', 'PEGccV-NOm8', 'hXnMSaK6C2w', 'kLpH1nSLJSs', 'wnJ6LuUFpMo', 'BQ31l1gPGKM', 'X8sSXU-J8fI', 'LsoLEjrDogU', 'Cardi B Jbalvin', 'Cardi B Pregnant', 'Cardi B Sex Tape', 'Cardi B Stripper', 'Cardi B Bad Bunny', 'Cardi B Spanish', 'Cardi B Dominican', 'Cardi B Album', 'Cardi B Leak', 'Cardi B - Invasion of Privacy', 'Cardi b - I Like It']"
61,Cardi B - Ring feat. Kehlani [Official Audio],5340714,28,Cardi B,4951,122308,1758,"['Cardi B', 'Kehlani', 'Ring', 'Invasion of Privacy', 'Hip Hop', 'Rap', 'Atlantic Records', 'Bronx', 'New York', 'Audio', 'Official', 'Official Audio', 'Bodak Yellow', 'Bartier Cardi', 'Love & Hip Hop', 'hXnMSaK6C2w', 'PEGccV-NOm8', 'LsoLEjrDogU', 'Kehlani Cardi B', 'Cardi B Kehlani', 'Cardi B Ring', 'Kehlani Ring', 'Cardi B leaks', 'Cardi B Album', 'Cardi B Music', 'Cardi B - Ring (feat. Kehlani)', 'Cardi B Kehlani Ring']"
62,"Cardi B ""Red Barz"" (WSHH Exclusive - Official Music Video)",54827068,33,WORLDSTARHIPHOP,19619,469146,25336,"['new hip hop songs', 'rap', 'hip hop', 'wshh', 'wshh exclusive', 'cardib', 'Cardi B', 'Red Barz', 'Red Bars', 'Freestyle', 'New York', 'Bronx', 'Cardi B Red Barz', 'Cardi B Red Bars', 'red barz cardi b', 'cardi b music', 'cardi b 2017', 'cardi b music video', 'cardi b red barz', 'cardi b video', 'red barz music video', 'red bars music video', 'worldstar', 'worldstarhiphop', 'worldstarhiphop youtube', 'worldstar youtube', 'world star hip hop', 'cardi b official', 'cardi b official music video', 'cardib youtube', 'cardib music video']"
63,Cardi B - Money Bag [Official Audio],2800570,28,Cardi B,3620,58356,1252,"['Cardi B', 'Money Bag', 'Invasion of Privacy', 'Hip Hop', 'Rap', 'Atlantic Records', 'Bronx', 'New York', 'Audio', 'Official Audio', 'Bodak Yellow', 'Bartier Cardi', 'Love & Hip Hop', 'hXnMSaK6C2w', 'PEGccV-NOm8', 'LsoLEjrDogU', 'Cardi B Money Bag', 'Cardi B Sza', 'Cardi B Offset', 'Cardi B Chance the Rapper', 'Cardi B Album', 'Cardi B Leak', 'Cardi B Sex Tape', 'Cardi B Pregnant', 'Cardi B Invasion of Privacy', 'Cardi B Music', 'Cardi B Clips']"
64,Cardi B - Thru Your Phone [Official Audio],3103471,28,Cardi B,5376,83109,1195,"['Cardi B', 'Thru Your Phone', 'Invasion of Privacy', 'Hip Hop', 'Rap', 'Atlantic Records', 'Bronx', 'New York', 'Audio', 'Official', 'Official Audio', 'Bodak Yellow', 'Bartier Cardi', 'Love & Hip Hop', 'hXnMSaK6C2w', 'PEGccV-NOm8', 'LsoLEjrDogU', 'Cardi B Leak', 'Cardi B pregnancy', 'Cardi B pregnant', 'Cardi B thru your phone', 'Cardi B Music', 'Cardi B - Invasion of Privacy', 'Invasion of Privacy Carid B', 'Cardi B SNL', 'Cardi B Offset']"
65,Cardi B - Get Up 10 [Official Audio],3368733,28,Cardi B,5640,83955,1329,"['Cardi B', 'Get Up 10', 'Invasion of Privacy', 'Hip Hop', 'Rap', 'Atlantic Records', 'Bronx', 'New York', 'Audio', 'Official', 'Official Audio', 'Bodak Yellow', 'Bartier Cardi', 'Love & Hip Hop', 'hXnMSaK6C2w', 'PEGccV-NOm8', 'LsoLEjrDogU', 'Cardi B Pregnant', 'Cardi B Sextape', 'Cardi B Offset', 'Cardi B Invasion of Privacy', 'Cardi B Leak', 'Cardi B Music', 'New Cardi B', 'Cardi B Get Up', 'Cardi B Get Up 10', 'Get Up 10 Cardi B']"
66,Bruno Mars - Finesse (Remix) [Feat. Cardi B] [Official Video],372239616,34,Bruno Mars,221922,3537407,211466,"['Bruno Mars', 'Finesse', 'Cardi B', 'Finesse Remix', 'Bruno', 'Mars', 'Cardi', 'official video', 'Pop', 'Hip hop', 'R&B', 'Atlantic Records', 'Atlantic', 'In Living Color']"
67,Cardi B - Foreva,38209046,35,CardiBVEVO,11472,339645,20225,"['Cardi', 'Foreva', 'KSR', 'Group', 'Rap/Hip-Hop', 'Official', 'VEVO']"
68,Cardi B & YG - She Bad [Official Audio],3300274,28,Cardi B,3736,79504,1651,"['Cardi B', 'YG', 'She Bad', 'Invasion of Privacy', 'Hip Hop', 'Rap', 'Atlantic Records', 'Bronx', 'New York', 'Audio', 'Official', 'Official Audio', 'Bodak Yellow', 'Bartier Cardi', 'Love & Hip Hop', '5aMZuwSS2VU', 'hXnMSaK6C2w', 'PEGccV-NOm8', 'LsoLEjrDogU', 'YG Cardi B', 'Cardi B YG', 'Cardi B Pregnant', 'Cardi B Leak', 'Cardi B Music', 'Cardi B Album', 'Cardi B Offset', 'Cardi B Migos', 'Cardi B - Invasion of Privacy']"
69,Cardi B - Best Life feat. Chance The Rapper [Official Audio],3974230,28,Cardi B,3868,82100,1700,"['Cardi B', 'Chance the Rapper', 'Best Life', 'Invasion of Privacy', 'Hip Hop', 'Rap', 'Atlantic Records', 'Bronx', 'New York', 'Audio', 'Official', 'Official Audio', 'Bodak Yellow', 'Bartier Cardi', 'Love & Hip Hop', 'hXnMSaK6C2w', 'PEGccV-NOm8', 'LsoLEjrDogU', 'Cardi B Chance the Rapper', 'Cardi B Pregnant', 'Cardi B Leak', 'Cardi B Offset', 'Cardi B Music', 'Cardi B Album', 'Cardi B - Invasion of Privacy', 'Chance the Rapper Music', 'Chance The Rapper Leak', 'Chance the Rapper Cardi B']"
70,Cardi B - Bickenhead [Official Audio],2583714,28,Cardi B,3753,53915,1261,"['Cardi B', 'Bickenhead', 'Invasion of Privacy', 'Hip Hop', 'Rap', 'Atlantic Records', 'Bronx', 'New York', 'Audio', 'Official', 'Official Audio', 'Bodak Yellow', 'Bartier Cardi', 'Love & Hip Hop', 'LsoLEjrDogU', 'PEGccV-NOm8', 'hXnMSaK6C2w', 'Chickenhead', 'Cardi B Bickenhead', 'Cardi B Leak', 'Cardi B Pregnant', 'Cardi B Offset', 'Cardi B Sex Tape', 'Cardi B Project Pat', 'Invasion of Privacy Cardi B']"
71,Cardi B - Lick (feat. Offset) [OFFICIAL MUSIC VIDEO],5746166,28,Cardi B,2177,79849,3208,"['Cardi B', 'Lick', 'Offset', 'Cardi B Offset', 'New Cardi B', 'Cardi B Lick', 'GBMV2', 'Cardi B Mixtape', 'Cardi B Migos', 'Migos', 'Love And Hip Hop', 'Cardi B Love And Hip Hop', 'Cardi B Instagram']"
72,"Migos, Nicki Minaj, Cardi B - MotorSport (Official)",244013803,36,MigosVEVO,121686,1688421,123644,"['Migos', 'Cardi B', 'Cardi', 'Nicki Minaj', 'Nicki', 'Minaj', 'Culture 2', 'MotorSport', 'Motor Sport', 'Motor', 'Sport']"
73,Cardi B - Washpoppin,21669027,35,CardiBVEVO,7719,141210,21722,"['Cardi', 'Washpoppin', 'KSR', 'Group', 'Rap/Hip-Hop', 'official', 'vevo', 'whats poppin']"
74,"G-Eazy - No Limit (Audio) ft. A$AP Rocky, Cardi B",99261413,32,GEazyMusicVEVO,20741,742488,40281,"['BPG/RVG/RCA Records', 'G-Eazy feat. A$AP Rocky & Cardi B', 'No Limit', 'Rap']"
75,Co-Host Cardi B Tells Jokes In Jimmy's Monologue,2344959,31,The Tonight Show Starring Jimmy Fallon,2375,42803,1214,"['The Tonight Show', 'Jimmy Fallon', 'Co-Host', 'Cardi B', 'Tells Jokes', 'Jimmy', 'Monologue', 'NBC', 'NBC TV', 'Television', 'Funny', 'Talk Show', 'comedic', 'humor', 'snl', 'Fallon Stand-up', 'Fallon monologue', 'tonight', 'show', 'jokes', 'funny video', 'interview', 'variety', 'comedy sketches', 'talent', 'celebrities', 'video', 'clip', 'highlight', 'Bodak Yellow', 'Invasion of Privacy', 'Love & Hip Hop: New York', 'Saturday Night Live', 'pregnant', 'White House', 'Donald Trump', 'Spanx', 'coat']"
76,"Cardi B Goes Undercover on Reddit, Twitter and YouTube | Actually Me | GQ",5971161,37,GQ,13199,194421,6005,"['cardi b', 'gqactuallyme', 'cardi b actually me', 'goes undercover', 'cardi b twitter', 'cardi b reddit', 'cardi b 2018', 'cardi b stripping', 'cardi b stripper', 'cardi b sounds', 'actually me', 'undercover', 'gq undercover', 'cardi b interview', 'cardi b undercover', 'cardi b answers questions', 'cardi b goes undercover', 'cardi b weird sounds', 'cardi b makes noises', 'cardi b rapper', 'cardi b internet questions', 'answering questions from the internet', 'gq', 'gq magazine']"
77,Cardi B Explains Her Famous Catchphrases,6754359,31,The Tonight Show Starring Jimmy Fallon,9736,182157,4093,"['The Tonight Show', 'Jimmy Fallon', 'Cardi B', 'Opens Up', 'SNL', 'Pregnancy Reveal', 'NBC', 'NBC TV', 'Television', 'Funny', 'Talk Show', 'comedic', 'humor', 'snl', 'Fallon Stand-up', 'Fallon monologue', 'tonight', 'show', 'jokes', 'funny video', 'interview', 'variety', 'comedy sketches', 'talent', 'celebrities', 'video', 'clip', 'highlight', 'Invasion of Privacy', 'rapper', 'Love & Hip Hop: New York', 'Bodak Yellow', 'Be Careful', 'Saturday Night Live', 'pregnant']"
78,Cardi B FUNNY MOMENTS (BEST COMPILATION),6742957,38,ineedmoney,5052,79820,2754,"['Cardi B', 'Cadi B funny moments', 'Cardi B funniest moments', 'Cardi B funny 2017', 'Cardi B interview', 'Cardi B interview 2017', 'Cardi B Snapchat', 'Cardi B instagram', 'Cardi B compilation', 'best of Cardi B', 'Cardi B funny compilation', 'Cardi B live', 'Cardi B periscope']"
79,Cardi B Best Funny Moments (Instagram) || 2018,2133205,39,"73,84,444",2132,23696,1008,"['funny', 'smile', 'awesome', 'epic', 'best', 'top', 'compilation', 'crazy', 'talent', 'singer', 'first', 'gift', 'girl', 'boy', 'people', 'audition', 'xfactor', 'got talent', 'the voice', 'auditions', 'instagram', 'win', 'Gifted Voices Vine Comp']"
80,Cardi B: Invasion of Privacy [FULL INTERVIEW] | Beats 1 | Apple Music,1651726,40,Beats 1 Radio,4501,31993,2042,"['Apple Music', 'Beats 1', 'Beats 1 Radio', 'Beats Radio', 'Zane Lowe', 'Ebro Darden', 'Julie Adenuga', 'Matt Wilkinson', 'music interviews', 'apple', 'appl', 'beats by dre', 'Ebro', 'pop', 'hip hop', 'indie', 'grime', 'afrobeats']"
81,"Cardi B Talks About Pregnancy For First Time, Her & Offset's First Date & 3-Somes",852192,41,HOT 97,3003,16211,546,"['hot97', 'hot97app', 'music', 'video', 'hip hop', 'rap', 'r&b', 'hip-hop', 'New York', 'NY', 'US', 'United States', 'HOT97.com', 'cardi b', 'pregnancy', 'eitm', 'offset', 'rihanna', 'chissy tiegen']"
82,Cardi B Supercut (PART 2): Best Moments from Love & Hip Hop Season 7,5908675,42,VH1,6660,90364,2626,"['VH1', 'celebrity', 'reality tv', 'reality show', 'gossip', 'celebrity news', 'fashion', 'television', 'music', 'Cardi B', 'Bruno Mars', 'Love & Hip Hop', 'LHH', 'Offset', 'Migos', 'Finesse', 'Bodak Yellow', '21 Savage', 'Bartier Cardi', 'bronx', 'Motorsport', 'Gangsta Bitch Music', 'No Limit', 'G-Eazy', 'A$AP Rocky', 'best of', 'rapper', 'queen', 'top moments', 'best of cardi b', ""you know what i'm saying"", 'cardi b what was the reason', 'cardi b hennessy', 'cardi b swift', 'cardi b aja', 'cardi b throws shoe', 'cardi b new teeth', 'season 7', 'cardi b bathtub']"
83,Cardi B - Bodak Yellow (Lyrics),12937482,43,Stevenplays Mcpe,2434,64063,3763,['Cardi B Bodak Yellow Lyrics']
84,Cardi B: Bodak Yellow/Bartier Cardi Medley (Live) - SNL,1771356,30,Saturday Night Live,2195,30581,1201,"['SNL', 'Saturday Night Live', 'SNL Season 43', 'Episode 1742', 'Chadwick Boseman', 'Cardi B', 'Bodak Yellow', 'Bartier Cardi', 's43', 's43e17', 'episode 17', 'live', 'new york', 'comedy', 'sketch', 'funny', 'hilarious', 'late night', 'host', 'music', 'guest', 'laugh', 'impersonation', 'actor', 'improv', 'musician', 'Black Panther', 'Avengers', 'Avengers: Infinity War', 'Jackie Robinson', '42', 'James Brown', 'Get on Up', 'Love & Hip Hop', 'Be Careful', 'pregnant']"
85,Hennessy Carolina Surprises Cardi B w/ A Brand New Gucci Bag! | I Did It | TRL,845108,44,TRL,1030,22127,370,"['TRL', 'total', 'request', 'live', 'mtv', 'Cardi B', 'Jimmy Fallon', 'co-host', 'Love & Hip Hop', 'LHH', 'New York', 'Bronx', 'BX', 'Hennessy Carolina', 'Saturday Night Live', 'pregnant', 'pregnancy', 'Offset', 'Migos', 'Quavo', 'QC', 'Drip', 'Bodak Yellow', 'Be Careful', 'Best Life', 'chance the rapper', 'I like it', 'bad bunny', 'j balvin', 'ring', 'kehlani', 'money bag', 'bartier cardi', '21 savage', 'baby', 'strip club', 'motorsport', 'nikki minaj', 'beef', 'iamcardib', 'empowerment', 'stripper', 'female rapper', 'VH1', 'the tonight show', 'SNL', 'Finesse', 'Bruno Mars', 'gucci']"
86,Box of Lies with Cardi B,3857508,31,The Tonight Show Starring Jimmy Fallon,3752,103988,2383,"['The Tonight Show', 'Jimmy Fallon', 'Box of Lies', 'Cardi B', 'NBC', 'NBC TV', 'Television', 'Funny', 'Talk Show', 'comedic', 'humor', 'snl', 'Fallon Stand-up', 'Fallon monologue', 'tonight', 'show', 'jokes', 'funny video', 'interview', 'variety', 'comedy sketches', 'talent', 'celebrities', 'video', 'clip', 'highlight', 'Bodak Yellow', 'Be Careful', 'Games with Guests', 'Invasion of Privacy', 'Hip Hop', 'fluffy', 'Love & Hip Hop: New York', 'dog']"
87,Cardi B: Money Bag,1287000,31,The Tonight Show Starring Jimmy Fallon,2552,35733,1385,"['The Tonight Show', 'Jimmy Fallon', 'Cardi B', 'Money Bag', 'NBC', 'NBC TV', 'Television', 'Funny', 'Talk Show', 'comedic', 'humor', 'snl', 'Fallon Stand-up', 'Fallon monologue', 'tonight', 'show', 'jokes', 'funny video', 'interview', 'variety', 'comedy sketches', 'talent', 'celebrities', 'video', 'clip', 'highlight', 'music', 'musical performance', 'the roots', 'Invasion of Privacy', 'Bodak Yellow', 'Be Careful', 'hip hop', 'rapper', 'Love & Hip Hop: New York', 'Saturday Night Live', 'pregnant']"
88,Cardi B Supercut (PART 1): Best Moments from Love & Hip Hop New York (Season 6) | VH1,4905989,42,VH1,3691,67149,1645,"['VH1', 'celebrity', 'pop culture', 'reality tv', 'reality show', 'gossip', 'celebrity news', 'fashion', 'television', 'music', 'Cardi B', 'Bruno Mars', 'Love & Hip Hop', 'LHH', 'Offset', 'Migos', 'Finesse', 'Bodak Yellow', '21 Savage', 'Bartier Cardi', 'bronx', 'Motorsport', 'Gangsta Bitch Music', 'No Limit', 'Remix', 'G-Eazy', 'A$AP Rocky', 'Coachella', 'best of', 'season 6', 'rapper', 'singer', 'songwriter', 'queen', 'top moments', 'cardi b foreva', 'cardi b you know who i am', ""cardi b you know you don't pay the rent"", 'best of cardi b', ""you know what i'm saying""]"
89,CardiB REACTS to Her Man Seeing Her Hair With Her Weave Out in Instagram Live,605617,45,Pick Celeb TV,811,5681,380,"['peoplemusiccelebrities', '@peoplemusiccelebrites', 'People Music Celebrities', 'playmusiccity', 'music play city', 'cardib loveandhiphop', 'cardib hair tutorial', 'cardib instagram live', 'cardib', 'cardi b', 'cardibell', 'love and hip hop hollywood', 'love and hip hop new york']"
90,Cardi B - I Do (Lyrics) ft. SZA,49007,46,HipHop Sounds,24,939,24,"['cardi b i do lyrics', 'cardi b i do ft sza', 'cardi b i do', 'cardi b', 'i do', 'lyrics', 'sza', 'Invasion of Privacy', 'Hip Hop', 'Rap', 'Bartier Cardi', 'Love & Hip Hop', 'Cardi B Album', 'Cardi B Pregnant', 'Cardi B - Invasion of Privacy', 'Cardi B Sza', 'cardi b feat. sza i do', 'cardi b i do feat. sza', 'cardi b i do ft. sza', 'lyric', 'lyric video', 'cardi b offset', 'cardi b 2018', 'cardi b new songs 2018', 'cardi b 2018 new songs']"
91,"Cardi B : ""Ce que vit Meek Mill, beaucoup de mes amis le vivent aussi"" | Interview",624532,47,YARD,787,8309,283,"['cardi b', 'interview', 'migos', 'offset', 'hip-hop', 'music', 'musique', 'rap']"
92,Bruno Mars and Cardi B - Finesse (LIVE From The 60th GRAMMYs ®),26061137,48,Vevo,26709,457391,19940,['Bruno Mars and Cardi B Finesse R&B']
93,Cardi B Opens Up About Her Pregnancy & Why She Kept It Hidden,2187410,49,Breakfast Club Power 105.1 FM,9683,40981,1907,"['the breakfast club', 'power1051', 'celebrity news', 'radio', 'video', 'interview', 'angela yee', 'charlamagne tha god', 'dj envy', 'cardi b', 'offset', 'pregnancy', 'pregnant', 'baby', 'moms', 'mother', 'bardigang', 'invasion of privacy']"
94,Cardi B Throws Her Shoe At Asia & A Fight Breaks Out | Love & Hip Hop,6682935,42,VH1,9263,94465,2208,"['VH1', 'celebrity', 'pop culture', 'VH+1', 'reality tv', 'reality show', 'gossip', 'celebrity news', 'fashion', 'movies', 'television', 'artists', 'classic', 'music', 'Yandy', 'Mendeecees', 'Remy Ma', 'Rich Dollaz', 'Amina Buddafly', 'Cardi B', 'Mariahlynn', 'Papoose', 'Chrissy Monroe', 'nyc', 'fight', 'ratchet', 'bitch', 'turn up', 'stripper', 'Season 6', 'Love & Hip Hop', 'Love and Hip Hop', 'Love & Hip Hop: New York', 'drama', 'season 7', 'Snoop', 'J. Adrienne', 'felicia', ""Cam'ron"", 'Camron', 'Dipset', 'Juelz Santana', 'Juju', 'NYC', 'Manhattan', 'Kimbella', 'Diplomats']"
95,CARDIB con jimmy Fallon 4/09 DONALD TRUMP le manda mensaje,2380,50,Everyday CHISME,1,15,1,[]
96,Aidy B & Cardi B - SNL,2005157,31,Saturday Night Live,1385,45709,1046,"['SNL', 'Saturday Night Live', 'SNL Season 43', 'Episode 1742', 'Chadwick Boseman', 'Cardi B', 'Aidy Bryant', 'Kate McKinnon', 'Cecily Strong', 'Chris Redd', 'Mikey Day', 'Kenan Thompson', 's43', 's43e17', 'episode 17', 'live', 'new york', 'comedy', 'sketch', 'funny', 'hilarious', 'late night', 'host', 'music', 'guest', 'laugh', 'impersonation', 'actor', 'improv', 'musician', 'Black Panther', 'Avengers', 'Avengers: Infinity War', 'Jackie Robinson', '42', 'James Brown', 'Get on Up', 'Love & Hip Hop', 'Bartier Cardi', 'Be Careful']"
97,Cardi B & G-Eazy Medley (Live at Heart Radio Music Awards),894900,51,VER DE NOVO,1471,14761,564,"['Heart Radio Music Awards', '2018', 'cardi', 'taylor', 'camila', 'hd', 'havana', 'Cardi B', 'G-Eazy', 'motor sport', 'bartir', 'finesse', 'Performs', 'live', 'at', 'Pregnant', 'grávida', 'TMZ', 'news', 'Best New Artist', 'iHeartRadio', 'ariana', 'grande', 'miley', 'lorde']"
98,"Cardi B ""Pull Up"" (WSHH Exclusive - Official Music Video)",12912361,33,WORLDSTARHIPHOP,5328,131458,6868,"['new hip hop songs', 'rap', 'hip hop', 'wshh', 'wshh exclusive', 'Cardi B', 'Pull Up', 'Cardi B Pull Up', 'pull up cardi b', 'Freestyle', 'New York', 'Bronx', 'Cardi B Music', 'Cardbi B 2017', 'Worldstar', 'Official Music Video', 'cardi b youtube', 'youtube cardi b', 'cardi b music video', 'cardi b video', 'pull up music video', 'cardi b pull up music video', 'worldstar youtube', 'youtube worldstar', 'worldstarhiphop', 'worldstar hip hop', 'world star hip hop', 'worldstar hiphop', 'pull up video']"
99,Cardi B Being Cardi B,2631809,52,BEEF,3043,71154,1843,"['cardi b', 'cardi b being cardi b', 'bodak yellow', 'shook', 'beef', 'bartier cardi', 'offset cardi', 'you know you aint paying they rent', 'cardi b funny moments', ""you know you ain't paying the rent cardi b""]"
100,"Cardi B Performs ""Bodak Yellow""",4125388,53,Jimmy Kimmel Live,3653,65717,3311,"['jimmy', 'jimmy kimmel', 'jimmy kimmel live', 'late night', 'talk show', 'funny', 'comedic', 'comedy', 'clip', 'comedian', 'mean tweets', 'bodak yellow', 'cardi b', 'music', 'hip hop', 'trap music', 'rap music', 'new music', 'single', 'live music', 'concert']"
101,Drake - Nice For What,28571291,54,DrakeVEVO,45616,695658,18631,"['Drake', 'Nice', 'For', 'What', 'Young', 'Money', 'Hip', 'Hop']"
102,Drake - God's Plan,390161836,54,DrakeVEVO,355492,5683109,161456,"['Drake new music', 'Drake Gods Plan', 'Drake God’s Plan', 'Scary Hours', 'Drake Charity Giveaway', 'Drake in Miami']"
103,"BlocBoy JB & Drake ""Look Alive"" Prod By: Tay Keith (Official Music Video) Shot By: @Fredrivk_Ali",120363403,55,BlocBoy JB,50944,1014712,42306,"['OVO', 'BLOCNATION', 'BLOCBOY JB', 'DRAKE', 'ALI PROSUCTIONS', 'TAY KEITH', 'YOO ALI']"
104,God's Plan,180983899,56,Drake - Topic,78415,1173165,83140,"['Drake', 'Scary Hours', ""God's Plan""]"
105,Migos - Walk It Talk It ft. Drake,83857572,36,MigosVEVO,71409,1254889,60430,"['Migos', 'Walk It', 'Talk It', 'Walk Talk', 'Walk It Talk It', 'Drake', 'Quavo', 'Offset', 'Takeoff', 'Culture', 'Culture II', 'Culture 2', 'Don Cornelius', 'Jamie Foxx', 'Soul Train']"
106,Drake - Energy,232702702,54,DrakeVEVO,41669,1409067,73146,"['Drake', 'Energy', 'Cash', 'Money', 'Records/Young', 'Ent./Universal', 'Rec.', 'Rap']"
107,Drake - Sneakin' ft. 21 Savage (Official Video),45929103,57,Drake,10078,314049,14582,"['drake', 'sneakin', 'r&b', 'hip hop', 'rap', 'issa', 'yt:cc=on']"
108,Drake – Nice For What [Lyrics],46040,46,HipHop Sounds,24,641,28,"['drake nice for what lyrics', 'nice for what drake lyrics', 'drake', 'nice for what', 'lyrics', 'nice for what lyrics', 'lyric video', 'nice for what drake', 'drake nice for what', 'hip', 'hop', 'nice', 'for', 'what']"
109,"Drake - OMO ft. Offset, 21 Savage & Cardi B | NEW SONG 2018",6116,58,YEEDAM vibes,[],237,27,"['drake', 'drake new', 'drake new song', 'drake new song 2018', 'drake new songs', 'drake new songs 2018', 'offset', 'offset new song', 'offset new songs 2018', 'offset new chain', 'offset proposed to cardi b', 'offset cheating on cardi b', 'offset \\& cardi b', 'cardi b funny', 'cardi b be careful', 'cardi b bodak yellow lyrics', 'drake and cardi b', 'drake and cardi b song', 'Drake - Pistols (Official Music Video)', 'drake new songs this week', 'drake new songs 2018 this week', 'drake nice for what lyrics']"
110,Drake SHUTS UP JOHN WALL AFTER TRASH TALKING! Raptors vs Wizards,583957,59,CliveNBAParody,646,3337,582,"['NBA', 'NBA Highlights', 'clivenbaparody', 'sports', 'basketball', 'drake', 'john wall', 'drake john wall', 'raptors vs wizards', 'raptors', 'wizards']"
111,Drake - Headlines (Explicit),177868862,54,DrakeVEVO,57234,702407,37609,"['Drake', 'Headlines', 'Cash', 'Money', 'Records/Young', 'Ent./Universal', 'Rec.', 'Rap']"
112,DRAKE FUNNY MOMENTS (BEST COMPILATION) | Reaction,9339,60,D&B ENT Reactions,39,416,3,"['d and b ent', 'reaction video', 'reaction', 'couples react', 'd&b reacts', 'd&b ent', 'dnb ent', 'Brandon Rashad', 'd&b', 'couple reactors', 'd and b ent reactions', 'd&B ent reactions', 'DRAKE FUNNY MOMENTS (BEST COMPILATION', 'DRAKE FUNNY MOMENTS (BEST COMPILATION reaction', 'drake funniest moments reaction', 'drake funniest moments', 'drake reaction', 'drake best moments', 'drake best moments reaction', 'drake compilation', 'drake compilation reaction']"
113,Drake - Hotline Bling,1375899620,54,DrakeVEVO,408019,6190826,549321,"['Drake', 'Hotline', 'Bling', 'Cash', 'Money', 'Records/Young', 'Ent./Universal', 'Rec.', 'Rap']"
114,Diplomatic Immunity,8357375,56,Drake - Topic,7612,87334,4972,"['Drake', 'Scary Hours', 'Diplomatic Immunity']"
115,Drake - God's Plan (Tyler Ward & Bailey Rushlow Cover),10600,61,Tyler Ward Music,166,915,21,"['drake', ""god's plan"", 'gods plan', 'acoustic', 'tyler ward', ""drake god's plan"", ""God's plan cover"", ""Drake - God's Plan - YouTube"", 'official music video', 'official video', ""god's plan music video"", ""god's plan live""]"
116,Drake - Nice For What (Lyrics)  NEW,315985,62,Jesse,113,4250,189,"['Drake', 'OVO', 'New', 'wshh', 'worldstar', 'ymcmb']"
117,"TROLLING ""LIL UZI VERT"" ON FORTNITE! ""HE ROASTED DRAKE"" (Funny Fortnite Trolling)",3829,63,Vibez,127,520,27,"['fortnite', 'fortnite troll', 'fortnite trolling', 'funny fortnite troll', 'funny fortnite trolling', 'fortnite funny', 'fortnite funny moments', 'fortnite funny fails', 'fortnite fails', 'fortnite trolling squeaker', 'fortnite trolling kid', 'fortnite kid trolled', 'trolling kid on fortnite', 'traps on fortnite', 'battle royale', 'lil uzi', 'lil uzi vert', 'lil uzi vert roast drake', 'lil uzi vert plays fortnite', 'drake', 'drake plays fortnite', 'lil uzi vs drake fortnite', 'ninja', 'ninja and drake fortnite', 'vibez']"
118,"Trouble, Drake, Mike WiLL Made-It - Bring It Back",7778937,64,TroubleVEVO,4636,75762,6462,"['Trouble', 'Drake', 'Mike', 'WiLL', 'Made-It', 'Bring', 'It', 'Back', 'Hip', 'Hop']"
119,Drake - Started From The Bottom (Explicit),391000863,54,DrakeVEVO,159779,1742821,165403,"['Official', 'Drake', 'Drizzy', 'Started From The Bottom', 'Explicit', 'new video', 'new song', 'cash money', 'young', 'YMCMB']"
120,"Drake Bets Ninja $5,000 He Won't Clutch The Win... Then This Happened!",5078806,65,Twitch Clips Central,5797,79569,5106,"['fortnite', 'fortnite funny moments', 'twitch clips', 'twitch', 'fortnite battle royale', 'gaming', 'twitch highlights', 'stream highlights', 'win', 'stream', 'myth', 'dr disrespect', 'summitoneg', 'cdnthe3rd', 'montage', 'daily fortnite', 'fortnite best clips', 'drake and ninja', 'ninja and drake duo', 'drake', 'ninja', 'ninja highlights', 'drake bets ninja 5000', 'drake vs ninja', 'ninja best moments', 'ninja and myth duo', 'ninjas best plays', 'ninjas best clutch', 'ninja and drake play fortnite', 'myth and pokimane']"
121,DRAKE MEGA MIX - DJ SHORT-E,22971,66,Short-E Show,7,188,25,"['drake mega mix', 'mashup', 'mixes', 'drake new video', 'drake music', 'drake songs', 'best drake songs', 'drake music videos', 'drake vevo', 'dj shorte', 'dj short-e', 'the short-e show', 'hip hop mix', 'mega mix', 'megamix', 'best dj mix']"
122,Drake - Take Care ft. Rihanna,252270785,54,DrakeVEVO,61077,1191456,43845,"['Drake', 'Take', 'Care', 'Cash', 'Money', 'Records/Young', 'Ent./Universal', 'Rec.', 'Rap', 'Hip-Hop', 'VMAs', 'MTV', 'VMA', 'Music', 'Video', 'Awards']"
123,Drake - Teenage Fever,21107898,67,Poison,2560,141414,6010,[]
124,DRAKE CONFIRMS FORTNITE SONG ON NINJA'S STREAM || BEST FORTNITE BATTLE ROYALE CLIPS OF THE WEEK #1,29792,68,Fortnite Moments - Xtremify,44,231,28,"['best', 'fortnite', 'clips', 'of the week', 'fortnite funny', 'fortnite funny moments', 'fortnite fails', 'fortnite funny fail moments', 'fortnite daily', 'fortnite daily moments', 'fortnite daily funny moments', 'funny moments', 'best moments', 'fortnite troll', 'fortnite trolling', 'fortnite new', 'new', 'xtremify', 'ninja', 'plays with', 'drake', 'drake fortnite', 'myth', 'new fortnite update', 'logan paul twitch']"
125,Do you know about the Reachmen Emperor? - Durcorach the Black Drake - Elder Scrolls Lore,22482,69,FudgeMuppet,138,1303,19,"['skyrim', 'forsworn', 'elder scrolls', 'elder scrolls lore', 'reachmen', 'the reach', 'black drake', 'durcorach the black drake', 'fudgemuppet', 'skyrim did you know?']"
126,Drake Sincero AO VIVO -Nota 95 de God of War causa DESCONTROLE e DESESPERO - com GAMER SEM REGRAS,4918,70,Drake Sincero,56,531,43,"['Ps4', 'Ps4 Pro', 'Sony', 'Microsoft', 'Xbox one X', 'Xbox one', 'Pc', 'Pc gamer', 'Nintendo', 'Nintendo Switch']"
127,"Nicki Minaj Says Meek Mill and Drake's Beef Was ""One Of The Hardest Parts"" Of Her Career",249071,49,Breakfast Club Power 105.1 FM,997,1869,124,"['the breakfast club', 'power1051', 'celebrity news', 'radio', 'video', 'interview', 'angela yee', 'charlamagne tha god', 'dj envy', 'Nicki Minaj', 'Meek Mill', 'Drake']"
128,Drake - Nice For What (Lyrics),316286,71,GabePWNZ,114,3763,155,"['drake', 'octobers very own', 'ovo', 'ovo sound', 'ovo sound radio', 'drizzy', 'baka not nice', 'plaza', 'majid jordan', 'partynextdoor', 'dvsn', 'gods plan', 'look alive', 'diplomatic immunity', 'nice for what', 'new drake', 'new drake video', 'blocboy jb', 'hotline bling', 'one dance', 'take care', 'drake 2018', 'official drake', 'vevo drake', 'drake music video', 'drake nice for what', 'olivia munn', 'layren hill', 'ms. lauren hill', 'lauryn hill', 'lyrics', 'nice for what lyrics', 'gabepwnz', 'nice for what reaction']"
129,Drake - Pistols (Official Music Video),603535,72,Drake Media,250,6962,352,"[drake', 'octobers very own', 'ovo', 'ovo sound', 'ovo sound radio', 'drizzy', 'baka not nice', 'plaza', 'majid jordan', 'partynextdoor', 'dvsn', 'gods plan', 'look alive', 'diplomatic immunity', 'nice for what', 'new drake', 'new drake video', 'blocboy jb', 'hotline bling', 'one dance', 'take care', 'drake 2018', 'official drake', ]"
130,"Drake - Hold On, We’re Going Home ft. Majid Jordan",129406121,54,DrakeVEVO,50424,739051,41287,"['Drake', 'Drizzy', 'Majid Jordan', 'Hold On', ""We're Going Home"", 'new song', 'new video', 'nothing was the same', 'young money']"
131,Drake - Marvins Room (Official Video),69030088,73,cashmoneypromo,32268,263578,8829,"['drake', 'marvins', 'room', 'take', 'care', ""marvin's"", 'lyrics', 'official', 'music', 'video', 'new', 'single', '2011', 'drake marvins room', ""drake marvin's room"", 'marvins room drake', ""marvin's room drake"", 'marvins room', ""marvin's room"", 'take care', 'hip', 'hop', 'rap', 'r&b']"
132,GOD'S PLAN - DRAKE DANCE (Trap Remix) Brotherhood Choreography,278,74,World Best Dancers,7,25,2,"['gods plan drake', 'gods plan dance', 'brotherhood scott forsyth', 'kinjaz', 'jabbawockeez', 'dance choreography', 'trap music']"
133,Drake- “ Nice for What” (Official dance video),2263,75,Curlyheadcharles,86,470,5,[]
134,DRAKE y JOSH con MANGO y CHICOZAPOTE Distroller ¡ABRAZAME HERMANO!- Juguetes Fantásticos,4586,76,Juguetes Fantásticos !,97,217,11,"['juguetes fantasticos', 'historias fantasticas', 'juguetes fantasticos distroller', 'distroller', 'amiguis distroller', 'juguetes distroller', 'berinaiz distroller', 'muñecas distroller', 'casimeritos', 'ksi meritos', 'chamoy y amiguis', 'berinaiz y mango', 'mango distroller', 'chicozapote distroller', 'drake y josh', 'drake y josh capitulos completos', 'series juveniles', 'series distroller', 'drake bell', 'josh peck', 'nickelodeon', 'nickelodeon series', 'nickelodeon drake & josh', 'chimichanga', 'muñecas', 'juguetes', 'jugetes']"
135,Migos - Walk it Talk it Ft. Drake (Cookin Soul Remix),17631,77,Quality Control Music,131,856,75,"['migos', 'walk it talk it', 'drake', 'cookin soul', 'remix', 'quality control']"
136,Drake - Nice For What Reaction Video (SUPER POVERTY EDITION),227,78,Zay Rashod Reactions,4,27,0,"['Drake', 'Nice', 'For', 'What', 'Young', 'Money', 'Hip', 'Hop', 'nice for what reaction', 'drake nice for what reaction', 'Drake - Nice For What', 'UND', 'UNDTV', 'UND reactions', 'UNDTV reactions', 'und reactions', 'undtv', 'und', 'und tv reactions', 'und tv reactions videos', 'dj ghost', 'zay rashod', 'lvskinny reactions', 'rap', 'nice for what', 'ovo', 'drake unreleased album', 'drake unreleased song', 'reaction video', 'funny reactors', 'zias']"
137,Drake - Trust Issues,11728339,57,Drake,2605,99535,2672,"['drake', 'trust', 'issues', 'trust issues', 'remix', 'take care', 'views', 'official', 'im on one', 'audio', 'hip hop', 'rap', 'music', 'yt:cc=on']"
138,Drake - God's Plan (Lyrics),393532,46,HipHop Sounds,282,6371,161,"[""drake god's plan lyrics"", 'drake', ""god's plan"", 'lyrics', ""god's plan lyrics"", 'drake gods plan', 'drake gods plan lyrics', 'nice for what', 'nice for what lyrics', 'drake nice for what', 'nice for what drake', ""drake god's plan""]"
139,Drake - HYFR (Hell Ya Fucking Right) (Explicit) ft. Lil Wayne,53286970,54,DrakeVEVO,27996,286297,17847,"['Drake', 'HYFR', '(Hell', 'Ya', 'Fucking', 'Right)', 'Cash', 'Money', 'Records/Young', 'Ent./Universal', 'Rec.', 'Rap', 'VMA', 'VMAs', 'Video', 'Music', 'Awards', 'MTV', 'Hip', 'Hop', 'Hip-Hop', 'Best']"
140,Drake - Worst Behavior,138283983,54,DrakeVEVO,31196,636002,40898,"['Drake', 'Worst', 'Behavior', 'Cash', 'Money', 'Rap/Hip-Hop']"
141,Drake - Too Much (feat  Sampha),36938804,79,MrWogee,7996,192216,8176,['Drake (Musical Artist)']
142,DRAKE VS EMINEM - WHAT THE BATTLE WOULD SOUND LIKE | Reaction,9988,60,D&B ENT Reactions,113,359,12,"['drake vs eminem', 'drake vs eminem reaction', 'drake', 'drake reaction', 'drake battle', 'd and b ent', 'reaction video', 'reaction', 'couples react', 'd&b', 'd&b ent', 'dnb ent', 'db ent', 'dnb reaction', 'dnb reacts', 'd&b reacts', 'couple reactors', 'd and b ent reactions', 'best reactors', 'best reactions', 'funny reactions', 'funny']"
143,??? REACTION! ??? Drake - Nice For What,60987,80,XXYungLordXX,194,2412,16,"['xxyunglordxx', 'akdacannon', 'Rap', 'hiphop', 'reactions', 'music', 'react', 'funny']"
144,Lil Wayne - Family Feud feat. Drake (Official Audio) | Dedication 6 D6 Reloaded,13301278,81,Lil Wayne,18288,171375,10457,"['lil wayne', 'weezy', 'weezy wednesday', 'wayne carter', 'young money', 'hiphop', 'lil wayne 2017', 'tha carter', 'ymcmb', 'hollyweezy', 'birdman', 'dwayne carter', 'wayne', 'hot boys', 'cash money', '2 chainz', 'hollygrove', 'In Tune We Trust', 'lil wayne family feud', 'family feud', 'lil wayne drake', 'drake family feud', 'drake', 'drake lil wayne', 'dedication 6', 'dedication 6 mixtape', 'lil wayne drake family feud', 'lil wayne family feud feat drake', 'lil wayne dedication 6', 'drake dedication 6', 'family feud lil wayne drake']"
145,"N.E.R.D, Rihanna - Lemon (Drake Remix - Audio) ft. Drake",2908554,82,NERDVEVO,2653,50416,3035,"['Hip Hop', 'Lemon', 'N.E.R.D & Rihanna feat. Drake', 'i am OTHER/Columbia']"
146,Future - Used to This ft. Drake,112695826,83,FutureVEVO,44166,709349,64586,"['#WATTBA', 'Drake', 'DS2', 'EVOL', 'Freebandz', 'Honest', 'Jumpman', 'Move That Dope', 'Pluto', 'SNL', 'The Weeknd', 'Tony Montana', 'What A Time to be Alive', 'Future', 'Futurevevo', 'vevo', 'official', 'video', 'music video', 'hq', 'single', 'album', 'hip hop', 'rap', 'featuring Drake', 'Epic Lit', 'Epic/Freebandz/A1', 'Future feat. Drake', 'Rap', 'Used to This']"
147,Drake - Find Your Love,116827841,54,DrakeVEVO,47063,412721,17518,"['Drake', 'Cash Money', 'Young Money', 'Ent./Universal', 'Hip-Hop', 'Kanye West']"
148,"Odell Beckham Mix - ""Nice For What"" / Drake",2224,84,ConnManMixes,12,77,0,"['odell', 'odell mix', 'odell beckham', 'odell beckham highlights', 'odell drake mix', 'odell nice for what mix', 'nice for what drake', 'odell giants highlights', 'odell highlights 2018', 'odell career highlights', 'odell best catches', 'odell insane plays', 'odell 1 hand catches', 'new york giants', 'jarvis landry', 'drake', 'antonio brown', 'obj', 'obj college higlights', 'odell highschool', 'NFL', 'Tom brady', 'julio joenes', 'connmanmixes', 'connman', 'mixes', 'odell trade', 'odell speed', 'odell celebrations', 'odell dance']"
149,Drake & 2Pac - Nice For What (Remix ft. Notorious B.I.G),12648,85,DJ DISCRETION,97,1339,7,"['DJ', 'Discretion', 'Drake', '2Pac', 'Notorious B.I.G', 'Biggie Smalls', 'Nice For What', 'Hip Hop', 'Trap', 'Music']"
150,Drake - Nice For What Lyrics,1096640,86,Lyrics Central,442,14455,498,"['Murda Beats', 'Drake', 'Nice For What', 'Drake - Nice For What Lyrics', 'audio', 'lyrics', 'nice for what lyrics nice for what audio drake nice for what audio', 'OVO', 'OVOSound', 'OVO Sound']"